{"trainloss": [0.26964059055347095, 0.26401971061250257, 0.26533595854865777, 0.2650170135180857, 0.26798948086806235, 0.26338370281958373, 0.262247100734268, 0.26260688970004564, 0.26196653237610973, 0.2638386473993994, 0.2633768943252778, 0.2615362490725041, 0.26456933757336976, 0.26239847663531995, 0.2599916428991635, 0.26239643210972446, 0.258724562516638, 0.2599065469347901, 0.2613181973921114, 0.2610531875226628, 0.25842260983339305, 0.2575713818022139, 0.2579559618469588, 0.2580586065040864, 0.25492038328035366, 0.25441030375749024, 0.25324170146785135, 0.2536829020070872, 0.2521856397105824, 0.25066067050314994, 0.2504288873813659, 0.2500893827349998, 0.24889055425833687, 0.2520785630260813, 0.2504893656301757, 0.2469258216138567, 0.24711466212779928, 0.24996189865370794, 0.24532713971740458, 0.24437868338741606, 0.24400607349707837, 0.24637130513408192, 0.24218446647453182, 0.24178346495133543, 0.24112715003596416, 0.23885997714094945, 0.24022213053816782, 0.24002254485896674, 0.24366059369251725, 0.24849441971394393, 0.23734480523692375, 0.23999802363617295, 0.23667921087856428, 0.23649788091620425, 0.24020956403710078, 0.23557518239421846, 0.23580409924727488, 0.23480842744202102, 0.23542330265662714, 0.23478297130831438, 0.2343564732126963, 0.23309051765881755, 0.23311499653606446, 0.2337859915631083, 0.23309566121865605, 0.23658944639758983, 0.234641346714894, 0.23325619201187794, 0.23125442624651846, 0.22959752587765633, 0.2297971192905048, 0.23362903642438695, 0.2314882721093712, 0.22970843534225463, 0.22799784807978807, 0.2268472203654585, 0.2293463694631995, 0.22551249172021584, 0.23120645378469565, 0.2298056993452794, 0.2280096238334859, 0.22579912129070911, 0.2258062954330404, 0.2269016829651031, 0.22524112172168484, 0.22675348467864845, 0.22565049564201306, 0.22158737892516642, 0.22554683066214967, 0.22582898018572187, 0.22159873890981108, 0.22183956175313158, 0.2225225017829941, 0.2217808401184987, 0.22362030365858404, 0.22135697223748038, 0.22048148085379302, 0.2204326709147522, 0.2268592239750904, 0.22031859284873404], "evalloss": [0.31506218734050045, 0.2649789362216333, 0.28256852699115687, 0.2728888269877648, 0.30590056087783973, 0.26651221366668393, 0.25982754724999596, 0.2700487417466602, 0.2641091162047344, 0.27401185526338495, 0.2768784342224656, 0.26740805871984374, 0.3101630200283622, 0.2933039317274252, 0.26768214678750607, 0.3047510062462836, 0.264856645783095, 0.2848893433948429, 0.28750097870600416, 0.2967413384686687, 0.27164440152393704, 0.2715074183698891, 0.27757909327803254, 0.2861528009470945, 0.26257861957448053, 0.27519862868418193, 0.27037347160246006, 0.2810414534135908, 0.26307729890787745, 0.263571276465969, 0.2583871377542709, 0.26685274859971864, 0.2664235600192082, 0.2983373317820718, 0.2924556646580065, 0.25530242588796254, 0.2630854153824556, 0.30243489976253113, 0.2616754648384703, 0.2560320597565645, 0.2675978121253749, 0.2892252556088315, 0.2581805549387588, 0.258125840245806, 0.2527127764232697, 0.2526976416211298, 0.25720963529289226, 0.258062071471525, 0.2951425097995635, 0.3561737715853258, 0.25087931634874844, 0.28576519386105587, 0.2530556150025444, 0.2555857490635451, 0.2985148668322887, 0.2524459109031434, 0.2532262681092484, 0.2506227015582333, 0.26823937999450237, 0.2608320312119204, 0.2575921213045725, 0.25379785261544735, 0.2551617122544152, 0.2590307273367979, 0.26669824171666295, 0.29666868698067533, 0.2769940614101424, 0.26762219957409644, 0.2610874932369557, 0.24702009310061798, 0.2554576710559235, 0.2926379714310265, 0.27260250539920494, 0.2606780564447127, 0.24678939475265746, 0.24726053810217888, 0.2590762235186744, 0.24740133433440617, 0.2938560919063359, 0.2885977965440783, 0.26862032063686825, 0.24788146968940844, 0.25058870870922223, 0.2741299816290668, 0.2606285327255094, 0.2757940329133856, 0.25529471045905683, 0.238529076250932, 0.2781323697301238, 0.2765381896401118, 0.24281556916458216, 0.2457623533803829, 0.2519182408043683, 0.24305341555657772, 0.2794639521767633, 0.2528751179582219, 0.24272741400494988, 0.24415904946335037, 0.3017028228801351, 0.245936605813264, 0.25359638296285497]}