{"trainloss": [0.7128712576252746, 0.7141882675946128, 0.7173356354444459, 0.7029535010261181, 0.7000471882839922, 0.7109404400916612, 0.7154556499416185, 0.705561455659468, 0.7041104536530628, 0.7066022469808666, 0.6999645939791613, 0.7105368623176309, 0.7018166602970326, 0.6984842657983075, 0.699406832063435, 0.6926667338715108, 0.6984884273255629, 0.7052041379436922, 0.690932471294662, 0.6839867835519564, 0.6807336532436165, 0.6820370152276296, 0.6839263261003639, 0.6760645074500463, 0.680312757267074, 0.6780522649282231, 0.6951582668179471, 0.692106812399328, 0.6728866111062249, 0.6788137525534879, 0.6827345929149976, 0.6936810957448606, 0.6731010360192473, 0.671334712432985, 0.6716668998781659, 0.6666878709790408, 0.6751638071551768, 0.6797013828723348, 0.6704654757342888, 0.6767272290708138, 0.6786259614067961, 0.6703244258265785, 0.6605098759380067, 0.6620879964386438, 0.6652501286473158, 0.6651579523483898, 0.6580839762880366, 0.6643088403791361, 0.6618903099646961, 0.6612985116174063, 0.6604224220926422, 0.663712190374244, 0.6630513655418223, 0.6552695487928143, 0.6542909623208234, 0.6559685502917638, 0.6701121517835045, 0.6623962926485861, 0.6579291185609539, 0.6546582784649742, 0.6471416716583264, 0.6562172739250098, 0.650539041196745, 0.651785786908846, 0.667202114347381], "evalloss": [0.7209234704843636, 0.7147592240425311, 0.7489500441899618, 0.7249744240230315, 0.728599935817887, 0.700882326794589, 0.7021739079177562, 0.7270920779261558, 0.7064924477240618, 0.7279335341234362, 0.696179376861143, 0.7013415257953339, 0.7134172372003755, 0.689563100349337, 0.6923405958772295, 0.703681833030335, 0.6937425821959703, 0.7018122547620982, 0.6785024679838454, 0.6824487448012967, 0.685403573389903, 0.6892378893510615, 0.6885089336335105, 0.6850968885125354, 0.6714532599875114, 0.7063706835178799, 0.6774195462436489, 0.7060238412569056, 0.6761375167843426, 0.6757346407461045, 0.6988865666385725, 0.7198766755110203, 0.6864795045600319, 0.6784175464891118, 0.6684716483449794, 0.6658953433046911, 0.6869295368360816, 0.6736411263365488, 0.6624272178967217, 0.66486320824557, 0.6854941489182061, 0.6855643834940108, 0.66248252421007, 0.6666476671362112, 0.6752839246712043, 0.6723571848724047, 0.6593866113567726, 0.6506597668384937, 0.6657885492860359, 0.6544439622472499, 0.6635290040996378, 0.6540910888564415, 0.6582705321041589, 0.6566242907367373, 0.6730401412181336, 0.6768088237395243, 0.667506073696676, 0.6643871906162511, 0.6633248231243868, 0.6536292655008107, 0.652104666523374, 0.6617223889431507, 0.6600905687731002, 0.6413913299941395, 0.6479056891273585, 0.663424597060496]}