{"trainloss": [1.261332414220502, 1.2003214237274409, 1.1907260790216103, 1.1820083769311391, 1.1731605552400337, 1.1597827276390398, 1.1187371579532916, 1.055938401176184, 0.974037130543885, 0.9549555635149063, 0.922861113474285, 0.8874701530764336, 0.8637953380287416, 0.8597754319700075, 0.8469055703697781, 0.845330992450862, 0.8290300349449454, 0.8170519047040957, 0.8128095644817176, 0.7909267246023846, 0.8221379214074305, 0.779189561685464, 0.7622398774616046, 0.7510067824968365, 0.7302395434821409, 0.7094788081762796, 0.7055884118602448, 0.6977638411673794, 0.6989079605476364, 0.7247474617156903, 0.6838867348287125, 0.673464633496541, 0.670715964167727, 0.6726135610953952, 0.6636564792063039, 0.6527228430654191, 0.6491033043350862, 0.6575569472896865, 0.6432356687959839, 0.660865448258966, 0.6375010651979895, 0.6286622148340103, 0.6301357841595047, 0.631240990794659, 0.6231035183948664, 0.6241479293859976, 0.6188498958637245, 0.6006638789826519, 0.6143222836962962, 0.6102474254146277, 0.609745924789323, 0.5984161206353412, 0.6037403645638485, 0.598465257137497, 0.5893631862521505, 0.6043265176123473, 0.5851112035462616, 0.6040274287638192, 0.5962128065661204, 0.5942150998720451, 0.590070481935183, 0.5855706806454027, 0.5904207712690203, 0.5916850162467687, 0.587276064637069, 0.5724208675369908, 0.5838941376340072, 0.5670991835759791, 0.569344415874717, 0.5666052005896962, 0.5577677345570045, 0.5568767077794985, 0.5532406051462753, 0.5585153050244716, 0.5603042016074047, 0.5534910756082583, 0.5637457172204169, 0.599193419346662, 0.5604677989545128, 0.5559116199637184, 0.5458109774931651, 0.5352519237717304, 0.5425100055241071, 0.5264286287627132, 0.5322772358420442, 0.5260500331849923, 0.532786821225489, 0.5258114066579199, 0.5279173258103143, 0.5151224341791243, 0.5205544299315484, 0.5318956004791954, 0.5148617228294383, 0.529873913811071, 0.5106847462977864, 0.49711317898054774, 0.5178028064826364, 0.4940970626298868, 0.4961097790094383, 0.5089812731456332, 0.5148048313733279, 0.5075037003590057, 0.5042241700548868, 0.49694190768064145, 0.48837089738784506], "evalloss": [2.1859081793904296, 1.237092004791241, 1.2371612755464099, 1.2235563987217657, 1.2290932810010613, 1.201508156670299, 1.1642878954304627, 1.0854877371227205, 1.035980632088292, 0.9592617056550731, 0.9820470594446066, 0.8868700883311037, 0.8722841432598213, 0.8418683701384037, 0.8744794241559207, 0.8578153167254189, 0.8384272722722415, 0.8284835664569896, 0.8336488831197, 0.7910282020201003, 0.7869789847983516, 0.845662918805107, 0.7637196317641607, 0.777047055599696, 0.7247685146385933, 0.7240701607576331, 0.7118509300025267, 0.701950739117138, 0.6914190218622482, 0.7038615145083816, 0.6813026663719348, 0.6708488327538488, 0.6653374473854174, 0.6728016992440322, 0.7026489897749502, 0.642464539841178, 0.6574532596701731, 0.6490260949677006, 0.6465126816276672, 0.6228352797708586, 0.6714275236174937, 0.6215643247685056, 0.6424061907640329, 0.6209629721817403, 0.6122200596166795, 0.6357454611881229, 0.6053706916036283, 0.6023244983550975, 0.6261548490763655, 0.6014331776109776, 0.6270041925382555, 0.6003348184199422, 0.6344858916622759, 0.6287320360130026, 0.5910772652063272, 0.588583595866574, 0.639795725738587, 0.5710565065031223, 0.5754559200151798, 0.605046758582266, 0.5908917058503664, 0.5883977135146146, 0.5707476134134412, 0.6633790227896286, 0.5781604129361987, 0.5863590537397475, 0.5657052470232755, 0.5663407875988956, 0.6226008394378385, 0.5607146276938046, 0.5607320061253388, 0.5431591470998145, 0.569533411762921, 0.55639103033292, 0.5417360842434258, 0.5419812020980953, 0.5554723324178573, 0.5457231518867134, 0.558477435075126, 0.5315807935457194, 0.5539792267819444, 0.536635490366047, 0.5560199810091719, 0.5388087476353813, 0.5288729931328535, 0.5266529960500136, 0.5140038026279585, 0.5828220500370576, 0.5214238076202421, 0.5096035643369594, 0.5111093939202707, 0.5264621618128431, 0.5391007644799318, 0.5547186575949482, 0.5043875757938934, 0.49717150006028465, 0.5608234382363433, 0.490136825861976, 0.49131896699529615, 0.484765742191882, 0.5031361709559907, 0.4992188524849227, 0.49415110816747415, 0.49692703175902847, 0.4907079849636599, 0.4838137602405972]}