{"trainloss": [0.17235371261343294, 0.07084545075380783, 0.05797355977808676, 0.04814484408687113, 0.0432009296859311, 0.03922120952484894, 0.03589535135522124, 0.03320938586656728, 0.030214110962464097, 0.028228221820094417, 0.02651816867288344, 0.025440089839342594, 0.023931044984889252, 0.022713028776888224, 0.021551073510758297, 0.020535829459526575, 0.019616833947314293, 0.01857809405706362, 0.017675562562797127, 0.017256408593135618, 0.016506541519643998, 0.01586266011751481, 0.01515910914282432, 0.014958455831745317, 0.01439459543927431, 0.01370541221810979, 0.013398580873252899, 0.012824806392308156, 0.012483125865147873, 0.012061497792874451, 0.011508443487748576, 0.011323513301781966, 0.011048888646527734, 0.010529617695904948, 0.010452024705851201, 0.009918017340048128, 0.009843488185262763, 0.009486390572349537, 0.009355568521364831, 0.008975758766931503, 0.008679826268403546, 0.008569185669470078, 0.008210020599460277, 0.008141415977576902, 0.007909105986430649, 0.007696421452439461, 0.007537566033851735, 0.007227982514982285, 0.007092888388320474, 0.006864041954485625], "evalloss": [0.7904539942180373, 0.0790127675808441, 0.06608766040269178, 0.05468020722452431, 0.0461609328530773, 0.04291758507966919, 0.042793839662751375, 0.0413901330418362, 0.038803580543011675, 0.036925396315974766, 0.03516166106152768, 0.033517251352016386, 0.03507869645484972, 0.03578591118263348, 0.031107218066852963, 0.03370520654927922, 0.02966543041727101, 0.0319847535122398, 0.029937905587074657, 0.029179643986144182, 0.02997287486420624, 0.028275554619708047, 0.029241813137584508, 0.03418597397940716, 0.030752032249631366, 0.02864545881995273, 0.026641322968366327, 0.02605523596419519, 0.029193010030932408, 0.027107666096131307, 0.029955864259458415, 0.029775045259928915, 0.027583753066727373, 0.02846413603687324, 0.026585145828645726, 0.026977277472033226, 0.028782605666123267, 0.02719175883582194, 0.029209821783127757, 0.02727446483758496, 0.028283033421692604, 0.030798965208406148, 0.02641301220786235, 0.02906271085958277, 0.028381483196023533, 0.027248004605020977, 0.02692258160539261, 0.027808039507857096, 0.026983646216597993, 0.025779898434210056, 0.02632133655732883]}