{"trainloss": [2.3901596935299634, 1.6947984416327524, 1.6145704050180951, 1.5496597246461408, 1.494380790721665, 1.4461510399476505, 1.4039163384335906, 1.3657442247869525, 1.3335237470533978, 1.3028680215180741, 1.272679808661985, 1.243950978817225, 1.2142723000470188, 1.1847444964514713, 1.1545850043606245, 1.1202356477909179, 1.0835002106152434, 1.0474614543356726, 1.0098188936879564, 0.9731253804355469, 0.9334235734411279, 0.8964446314774824, 0.8627661151583914, 0.8332027927357276, 0.8026677017351483, 0.7729690381762361, 0.7467889926874863, 0.7199641321054486, 0.6931026033011198, 0.6690064730528026, 0.6468050748577929, 0.6247985482881103, 0.603652777950475, 0.5838223056373708, 0.5649913834018265, 0.5470678489765303, 0.531253558453607, 0.5163788858081697, 0.50347231282264, 0.491002753613167, 0.4792734120374686, 0.4682341256813909, 0.45728529924059763, 0.4475605882116485, 0.43845144865739544, 0.43008707035309846, 0.4228437691648172, 0.4169648502052288, 0.4112862335728997, 0.4057313447104487, 0.4002001559066545, 0.39538106684183727, 0.3911875721529465, 0.3867932016455599, 0.38270110095141907, 0.378184747389616, 0.3736714946206307, 0.36903695272046755, 0.36449752840368854, 0.36044714654358445, 0.3562240662517502, 0.35286018895259064, 0.35003765136671544, 0.34716131752681595, 0.344393930554451, 0.34205796616032863, 0.33998712988735097, 0.33814809878622293, 0.33634747175001534, 0.33400334655771047, 0.3321236525629461, 0.32997154134642676, 0.32795880555897433, 0.3264308101357453, 0.32472627472052207, 0.32324294074682874], "evalloss": [5.697029437431117, 1.9340124079173666, 1.9832493993422784, 2.0382932832262783, 2.0699110534489242, 2.1150444891062605, 2.12830163453224, 2.1598543576766422, 2.1841877794222917, 2.189349038176792, 2.1931983955536847, 2.2026877723068465, 2.2107182974631154, 2.221290451346113, 2.2112166568196616, 2.1991322844776158, 2.2019408987776097, 2.184066050680544, 2.1629982765632456, 2.1495627407548357, 2.1226067045615045, 2.1046769261859977, 2.0806976141590106, 2.051984257232209, 2.027198492557205, 2.004624593809366, 1.9937846679837514, 1.9614690829340722, 1.9414594476856142, 1.910631556339437, 1.8782115510641768, 1.8684182464622843, 1.833615616544441, 1.8069490180026595, 1.7909901569388342, 1.7663957334888738, 1.742963769112454, 1.7392436625940018, 1.711849491279694, 1.7059829933096498, 1.6906284064662065, 1.670544202161802, 1.6569666365547702, 1.657737500529545, 1.6375387514519184, 1.6250493106557944, 1.615598825600585, 1.605084031520416, 1.600344177387156, 1.5926430598385153, 1.5817942809106986, 1.578280255297137, 1.5729520143225169, 1.5654602911840358, 1.5608463173322258, 1.5577886658995286, 1.5463598847763256, 1.5492247355082136, 1.5427336627550023, 1.5340765955696485, 1.5289852084989957, 1.5299096454010979, 1.523064517890724, 1.514761575014091, 1.5130601107130028, 1.5122486048349701, 1.5054017535496127, 1.5043704696950158, 1.5020336277543789, 1.4975553951456662, 1.4897230631462703, 1.496997260027099, 1.4840102674060431, 1.484000281199897, 1.4871991936415747, 1.484182217214596, 1.4735370467093427]}