{"trainloss": [0.31351537498069554, 0.3043776835410399, 0.3014447469498447, 0.2984026690327361, 0.301863180835535, 0.2986515006376675, 0.2969262504473305, 0.29780828066326265, 0.2982546103832293, 0.2907740820597908, 0.2903221578191101, 0.294693464820903, 0.29218815248337054, 0.2860374001201386, 0.28654562584676113, 0.28956930758469857, 0.2894269440313301, 0.2899452634804698, 0.28419788658848977, 0.2787088108988951, 0.2820912455738109, 0.28129596449970584, 0.2797954861858922, 0.2770532228502992, 0.27314569580598275, 0.2717648970169609, 0.27189027660110837, 0.2743638496615077, 0.27313422182889274, 0.274506537858325, 0.2701234940490092, 0.27188481726780017, 0.2698942770426296, 0.2690092777042274, 0.2663298044341055, 0.2674758752896282, 0.2660852385903777, 0.26617727834827415, 0.2671128865838604, 0.2642728463939174, 0.26235981856743723, 0.26641891574137405, 0.2637377931484935, 0.2616346063053508, 0.26103509059731445, 0.25821725236119064, 0.2608740011380827, 0.25764950875937515, 0.25834003191665983, 0.2593860098210359], "evalloss": [0.29230786421987376, 0.31267748058756434, 0.3017436980728264, 0.29041681860844804, 0.3393269780855789, 0.2922366465808158, 0.30934427933594016, 0.3124990234420522, 0.3004200185515411, 0.28589033186486684, 0.3020176192626116, 0.29417533716105704, 0.2980959960196284, 0.28749631688551097, 0.2795684055656203, 0.275850643073291, 0.2865393078990886, 0.30091537445732625, 0.2857882415290994, 0.28580537320405536, 0.2741465142838727, 0.2884620577378757, 0.2696648750666132, 0.27295104423093897, 0.2673635683195865, 0.2661471013894595, 0.26849568436939303, 0.2692543852451411, 0.26714289373667877, 0.2644672782940113, 0.26760021436126885, 0.3140734433927761, 0.27058795667106056, 0.2658156764437769, 0.2663128331699726, 0.26254341596693326, 0.260104425425604, 0.26134673074800957, 0.2548938145688155, 0.2731296154000458, 0.259128160089662, 0.26190095772895783, 0.2604364041216092, 0.26812446146858443, 0.2709420336590736, 0.24959022984226184, 0.28592149437630754, 0.2610112550434955, 0.24670211537437647, 0.25959201130065057, 0.2553141730175231]}